run,index,direct_detile,detile_ms
gather,0,1,8.770
gather,1,0,0.000
gather,2,0,0.000
gather,3,0,0.000
gather,4,0,0.000
gather,5,0,0.000
gather,6,0,0.000
gather,7,0,0.000
gather,8,0,0.000
gather,9,0,0.000
gather,10,0,0.000
gather,11,0,0.000
gather,12,0,0.000
gather,13,1,4.091
gather,14,1,2.519
gather,15,1,2.409
gather,16,1,2.469
gather,17,1,2.356
gather,18,1,2.262
gather,19,1,2.191
gather,20,1,2.450
gather,21,1,2.310
gather,22,1,2.302
gather,23,1,2.165
gather,24,1,2.282
gather,25,1,2.331
gather,26,1,2.261
gather,27,1,2.216
gather,28,1,2.304
gather,29,1,2.309
gather,30,1,2.313
gather,31,1,2.259
gather,32,1,2.276
gather,33,1,2.318
gather,34,1,2.286
gather,35,1,2.256
gather,36,1,2.295
gather,37,1,2.238
gather,38,1,2.318
gather,39,1,2.261
gather,40,1,2.589
gather,41,1,2.299
gather,42,1,2.333
gather,43,1,2.295
gather,44,1,2.719
gather,45,1,2.794
gather,46,1,2.243
gather,47,1,2.370
gather,48,1,2.448
gather,49,1,2.358
gather,50,1,2.302
gather,51,1,2.257
gather,52,1,2.265
gather,53,1,2.355
gather,54,1,2.369
gather,55,1,2.300
gather,56,1,2.287
gather,57,1,2.353
gather,58,1,2.296
gather,59,1,2.359
gather,60,1,2.504
gather,61,1,2.257
gather,62,1,2.663
gather,63,1,2.393
gather,64,1,2.222
gather,65,1,2.329
gather,66,1,2.271
gather,67,1,2.237
gather,68,1,2.328
gather,69,1,2.283
gather,70,1,2.362
gather,71,1,2.319
gather,72,1,2.361
gather,73,1,2.336
gather,74,1,2.328
gather,75,1,2.306
gather,76,1,2.323
gather,77,1,2.250
gather,78,1,2.234
gather,79,1,2.372
gather,80,1,2.330
gather,81,1,2.258
gather,82,1,2.521
gather,83,1,2.326
gather,84,1,2.282
gather,85,1,2.335
gather,86,1,2.281
gather,87,1,2.287
gather,88,1,2.207
gather,89,1,2.283
gather,90,1,2.426
gather,91,1,2.288
gather,92,1,2.335
gather,93,1,2.287
gather,94,1,2.326
gather,95,1,2.375
gather,96,1,3.097
gather,97,1,2.649
gather,98,1,2.269
gather,99,1,2.365
gather,100,1,2.344
gather,101,1,2.349
gather,102,1,2.375
gather,103,1,2.379
gather,104,1,2.331
gather,105,1,2.244
gather,106,1,2.418
gather,107,1,2.687
gather,108,1,2.337
gather,109,1,2.242
gather,110,1,2.343
gather,111,1,2.361
gather,112,1,2.590
gather,113,1,2.362
gather,114,1,2.293
gather,115,1,2.307
gather,116,1,2.316
gather,117,1,2.265
gather,118,1,2.296
gather,119,1,2.297
gather,120,1,2.295
gather,121,1,2.261
gather,122,1,2.174
gather,123,1,2.615
gather,124,1,2.218
gather,125,1,2.222
gather,126,1,2.293
gather,127,1,2.272
gather,128,1,2.274
gather,129,1,2.334
gather,130,1,2.255
gather,131,1,2.463
gather,132,1,2.385
gather,133,1,2.293
gather,134,1,2.376
gather,135,1,2.310
gather,136,1,2.309
gather,137,1,2.327
gather,138,1,2.253
gather,139,1,2.701
gather,140,1,2.243
gather,141,1,2.317
gather,142,1,2.367
gather,143,1,2.327
gather,144,1,2.529
gather,145,1,2.347
gather,146,1,2.413
gather,147,1,2.243
gather,148,1,2.413
gather,149,1,2.299
gather,150,1,2.310
gather,151,1,2.316
gather,152,1,2.354
gather,153,1,2.576
gather,154,1,2.407
gather,155,1,2.465
gather,156,1,2.254
gather,157,1,2.374
gather,158,1,2.272
gather,159,1,2.260
gather,160,1,2.264
gather,161,1,2.270
gather,162,1,2.317
gather,163,1,2.313
gather,164,1,2.342
gather,165,1,2.235
gather,166,1,2.328
gather,167,1,2.335
gather,168,1,2.241
gather,169,1,2.375
gather,170,1,2.392
gather,171,1,2.855
gather,172,1,2.250
gather,173,1,2.260
gather,174,1,2.853
gather,175,1,2.337
gather,176,1,2.331
gather,177,1,2.889
gather,178,1,2.324
gather,179,1,2.366
gather,180,1,2.320
gather,181,1,2.313
gather,182,1,2.346
gather,183,1,2.234
gather,184,1,2.509
gather,185,1,2.896
gather,186,1,2.418
gather,187,1,2.551
gather,188,1,2.416
gather,189,1,2.578
gather,190,1,2.363
gather,191,1,2.609
gather,192,1,2.298
gather,193,1,2.330
gather,194,1,2.364
gather,195,1,2.415
gather,196,1,2.398
gather,197,1,2.494
gather,198,1,2.332
gather,199,1,2.301
gather,200,1,2.311
gather,201,1,2.303
gather,202,1,2.296
gather,203,1,2.344
gather,204,1,2.358
gather,205,1,2.363
gather,206,1,2.276
gather,207,1,2.885
gather,208,1,2.397
gather,209,1,2.345
gather,210,1,2.385
gather,211,1,2.372
gather,212,1,2.348
gather,213,1,2.223
gather,214,1,2.344
gather,215,1,2.353
gather,216,1,2.262
gather,217,1,2.354
gather,218,1,2.239
gather,219,1,2.293
gather,220,1,2.448
gather,221,1,2.388
gather,222,1,2.395
gather,223,1,2.344
gather,224,1,2.370
gather,225,1,2.345
gather,226,1,2.263
gather,227,1,3.058
gather,228,1,2.316
gather,229,1,2.350
gather,230,1,2.293
gather,231,1,2.341
gather,232,1,2.377
gather,233,1,2.263
gather,234,1,2.354
gather,235,1,2.466
gather,236,1,2.356
gather,237,1,2.324
gather,238,1,2.260
gather,239,1,2.230
gather,240,1,2.272
gather,241,1,2.199
gather,242,1,2.446
gather,243,1,2.253
gather,244,1,2.296
gather,245,1,2.284
gather,246,1,2.223
gather,247,1,2.686
gather,248,1,2.247
gather,249,1,2.360
gather,250,1,2.323
gather,251,1,2.195
gather,252,1,2.601
gather,253,1,2.591
gather,254,1,2.224
gather,255,1,2.283
gather,256,1,2.331
gather,257,1,2.193
gather,258,1,2.199
gather,259,1,2.345
gather,260,1,2.309
gather,261,1,2.254
gather,262,1,2.696
gather,263,1,2.315
gather,264,1,2.404
gather,265,1,2.331
gather,266,1,2.369
gather,267,1,2.302
gather,268,1,2.316
gather,269,1,2.274
gather,270,1,2.627
gather,271,1,2.390
gather,272,1,2.392
gather,273,1,2.282
gather,274,1,2.344
gather,275,1,2.308
gather,276,1,2.303
gather,277,1,2.271
gather,278,1,2.397
gather,279,1,2.350
gather,280,1,2.353
gather,281,1,2.288
gather,282,1,2.282
gather,283,1,2.283
gather,284,1,2.323
gather,285,1,2.287
gather,286,1,2.322
gather,287,1,2.340
gather,288,1,2.339
gather,289,1,2.265
gather,290,1,2.382
gather,291,1,2.422
gather,292,1,2.352
gather,293,1,2.356
gather,294,1,2.415
gather,295,1,2.749
gather,296,1,2.306
gather,297,1,2.299
gather,298,1,2.389
gather,299,1,2.296
gather,300,1,2.311
gather,301,1,2.336
gather,302,1,2.393
gather,303,1,2.288
gather,304,1,2.492
gather,305,1,2.501
gather,306,1,2.367
gather,307,1,2.309
gather,308,1,2.256
gather,309,1,2.319
gather,310,1,2.308
gather,311,1,2.252
gather,312,1,2.348
gather,313,1,2.297
gather,314,1,2.377
gather,315,1,2.317
gather,316,1,2.359
gather,317,1,2.273
gather,318,1,2.916
gather,319,1,2.288
gather,320,1,2.248
gather,321,1,2.377
gather,322,1,2.422
gather,323,1,2.318
gather,324,1,2.414
gather,325,1,2.251
gather,326,1,2.372
gather,327,1,2.824
gather,328,1,2.234
gather,329,1,2.325
gather,330,1,2.355
gather,331,1,2.213
gather,332,1,2.331
gather,333,1,2.367
gather,334,1,2.338
gather,335,1,2.312
gather,336,1,2.212
gather,337,1,2.376
gather,338,1,2.270
gather,339,1,2.389
gather,340,1,2.313
gather,341,1,2.311
gather,342,1,2.298
gather,343,1,2.268
gather,344,1,2.239
gather,345,1,2.265
gather,346,1,2.294
gather,347,1,2.349
gather,348,1,2.304
gather,349,1,2.238
gather,350,1,2.276
gather,351,1,2.301
gather,352,1,2.282
gather,353,1,2.266
gather,354,1,2.303
gather,355,1,2.326
gather,356,1,2.442
gather,357,1,2.339
gather,358,1,2.353
gather,359,1,2.395
gather,360,1,2.351
gather,361,1,2.870
gather,362,1,2.505
gather,363,1,2.341
gather,364,1,2.573
gather,365,1,2.514
gather,366,1,2.595
gather,367,1,2.965
gather,368,1,2.904
gather,369,1,2.338
gather,370,1,2.617
gather,371,1,2.311
gather,372,1,2.334
gather,373,1,2.395
gather,374,1,2.332
gather,375,1,2.314
gather,376,1,2.407
gather,377,1,2.300
gather,378,1,2.245
gather,379,1,2.278
gather,380,1,2.288
gather,381,1,2.294
gather,382,1,2.290
gather,383,1,2.360
gather,384,1,2.248
gather,385,1,2.352
gather,386,1,2.260
gather,387,1,2.295
gather,388,1,2.275
gather,389,1,2.261
gather,390,1,2.245
gather,391,1,2.551
gather,392,1,2.314
gather,393,1,2.274
gather,394,1,2.369
gather,395,1,2.303
gather,396,1,2.280
gather,397,1,2.285
gather,398,1,2.349
gather,399,1,2.345
gather,400,1,2.405
gather,401,1,2.391
gather,402,1,2.335
gather,403,1,2.350
gather,404,1,2.409
gather,405,1,2.792
gather,406,1,2.408
gather,407,1,2.311
gather,408,1,2.225
gather,409,1,2.237
gather,410,1,2.335
gather,411,1,2.314
gather,412,1,2.521
gather,413,1,2.382
gather,414,1,2.364
gather,415,1,2.373
gather,416,1,2.378
gather,417,1,2.375
gather,418,1,2.419
gather,419,1,2.339
gather,420,1,2.339
gather,421,1,2.332
gather,422,1,2.339
gather,423,1,2.340
gather,424,1,2.375
gather,425,1,2.318
gather,426,1,2.392
gather,427,1,2.417
gather,428,1,2.318
gather,429,1,2.351
gather,430,1,2.352
gather,431,1,2.422
gather,432,1,2.303
gather,433,1,2.449
gather,434,1,2.315
gather,435,1,2.362
gather,436,1,2.343
gather,437,1,2.429
gather,438,1,2.370
gather,439,1,2.717
gather,440,1,2.729
gather,441,1,2.771
gather,442,1,2.354
gather,443,1,2.327
gather,444,1,2.295
gather,445,1,2.483
gather,446,1,2.861
gather,447,1,2.279
gather,448,1,2.302
gather,449,1,2.334
gather,450,1,2.275
gather,451,1,2.490
gather,452,1,2.226
gather,453,1,2.445
gather,454,1,2.798
gather,455,1,2.303
gather,456,1,2.349
gather,457,1,2.524
gather,458,1,2.370
gather,459,1,2.350
gather,460,1,2.344
gather,461,1,2.671
gather,462,1,2.259
gather,463,1,2.323
gather,464,1,2.279
gather,465,1,2.355
gather,466,1,2.247
gather,467,1,2.283
gather,468,1,2.531
gather,469,1,2.434
gather,470,1,2.274
gather,471,1,2.257
gather,472,1,2.427
gather,473,1,2.408
gather,474,1,2.254
gather,475,1,2.256
gather,476,1,2.324
gather,477,1,2.421
gather,478,1,2.351
gather,479,1,2.196
gather,480,1,2.250
gather,481,1,2.226
gather,482,1,2.255
gather,483,1,2.690
gather,484,1,2.302
gather,485,1,2.217
gather,486,1,2.326
gather,487,1,2.357
gather,488,1,2.310
gather,489,1,2.368
gather,490,1,2.487
gather,491,1,2.497
gather,492,1,2.595
gather,493,1,2.794
gather,494,1,2.458
gather,495,1,2.426
gather,496,1,2.321
gather,497,1,2.315
gather,498,1,2.391
gather,499,1,2.357
gather,500,1,2.302
gather,501,1,2.368
gather,502,1,2.425
gather,503,1,2.334
gather,504,1,2.430
gather,505,1,2.473
gather,506,1,2.480
gather,507,1,2.584
gather,508,1,2.329
gather,509,1,2.413
gather,510,1,2.306
gather,511,1,2.343
gather,512,1,2.548
gather,513,1,2.385
gather,514,1,2.380
gather,515,1,2.392
gather,516,1,2.435
gather,517,1,2.267
gather,518,1,2.287
gather,519,1,2.459
gather,520,1,2.285
gather,521,1,2.319
gather,522,1,2.878
gather,523,1,2.324
gather,524,1,2.331
gather,525,1,2.348
gather,526,1,2.367
gather,527,1,2.310
gather,528,1,2.274
gather,529,1,2.231
gather,530,1,2.513
gather,531,1,2.447
gather,532,1,2.285
gather,533,1,2.268
gather,534,1,2.324
gather,535,1,2.239
gather,536,1,2.639
gather,537,1,2.290
gather,538,1,2.300
gather,539,1,2.286
gather,540,1,2.278
gather,541,1,2.300
gather,542,1,2.235
gather,543,1,2.375
gather,544,1,2.319
gather,545,1,2.321
gather,546,1,2.376
gather,547,1,2.380
gather,548,1,3.113
gather,549,1,2.602
gather,550,1,2.236
gather,551,1,2.227
gather,552,1,2.275
gather,553,1,2.294
gather,554,1,2.249
gather,555,1,2.333
gather,556,1,2.245
gather,557,1,2.422
gather,558,1,2.300
gather,559,1,2.339
gather,560,1,2.417
gather,561,1,2.326
gather,562,1,2.334
gather,563,1,2.254
gather,564,1,2.263
gather,565,1,2.260
gather,566,1,2.566
gather,567,1,2.389
gather,568,1,2.298
gather,569,1,2.395
gather,570,1,2.395
gather,571,1,2.309
gather,572,1,2.251
gather,573,1,2.231
gather,574,1,2.266
gather,575,1,2.281
gather,576,1,2.307
gather,577,1,2.336
gather,578,1,2.452
gather,579,1,2.270
gather,580,1,2.282
gather,581,1,2.326
gather,582,1,2.359
gather,583,1,2.818
gather,584,1,2.376
gather,585,1,2.539
gather,586,1,2.351
gather,587,1,2.701
gather,588,1,2.400
gather,589,1,2.677
gather,590,1,2.363
gather,591,1,2.356
gather,592,1,2.553
gather,593,1,2.361
gather,594,1,2.491
gather,595,1,2.368
gather,596,1,2.501
gather,597,1,2.355
gather,598,1,2.492
gather,599,1,2.429
gather,600,1,3.011
gather,601,1,2.428
gather,602,1,2.398
gather,603,1,2.428
gather,604,1,2.343
gather,605,1,2.341
gather,606,1,2.431
gather,607,1,2.384
gather,608,1,2.363
gather,609,1,2.370
gather,610,1,2.769
gather,611,1,2.404
gather,612,1,2.401
gather,613,1,2.462
gather,614,1,2.381
gather,615,1,2.335
gather,616,1,2.348
gather,617,1,2.285
gather,618,1,2.472
gather,619,1,2.370
gather,620,1,2.367
gather,621,1,2.481
gather,622,1,2.339
gather,623,1,2.382
gather,624,1,2.411
gather,625,1,2.353
gather,626,1,2.539
gather,627,1,2.379
gather,628,1,2.405
gather,629,1,2.436
gather,630,1,2.398
gather,631,1,2.364
gather,632,1,2.521
gather,633,1,2.365
gather,634,1,2.388
gather,635,1,2.369
gather,636,1,2.386
gather,637,1,2.636
gather,638,1,2.404
gather,639,1,2.377
gather,640,1,2.261
gather,641,1,2.254
gather,642,1,2.242
gather,643,1,2.701
paired,0,1,7.770
paired,1,0,0.000
paired,2,0,0.000
paired,3,0,0.000
paired,4,0,0.000
paired,5,0,0.000
paired,6,0,0.000
paired,7,0,0.000
paired,8,0,0.000
paired,9,0,0.000
paired,10,0,0.000
paired,11,0,0.000
paired,12,0,0.000
paired,13,1,4.153
paired,14,1,1.762
paired,15,1,1.816
paired,16,1,1.870
paired,17,1,2.297
paired,18,1,1.783
paired,19,1,1.822
paired,20,1,1.769
paired,21,1,1.694
paired,22,1,2.043
paired,23,1,1.753
paired,24,1,1.730
paired,25,1,1.704
paired,26,1,1.946
paired,27,1,1.857
paired,28,1,1.720
paired,29,1,1.766
paired,30,1,1.760
paired,31,1,1.744
paired,32,1,1.743
paired,33,1,1.779
paired,34,1,1.716
paired,35,1,1.873
paired,36,1,1.719
paired,37,1,1.990
paired,38,1,1.724
paired,39,1,1.873
paired,40,1,1.771
paired,41,1,1.713
paired,42,1,1.812
paired,43,1,1.752
paired,44,1,1.847
paired,45,1,2.101
paired,46,1,1.737
paired,47,1,1.848
paired,48,1,1.796
paired,49,1,1.792
paired,50,1,1.721
paired,51,1,1.892
paired,52,1,1.719
paired,53,1,1.705
paired,54,1,1.879
paired,55,1,1.706
paired,56,1,1.753
paired,57,1,1.772
paired,58,1,1.689
paired,59,1,1.884
paired,60,1,1.771
paired,61,1,1.685
paired,62,1,1.917
paired,63,1,1.952
paired,64,1,1.774
paired,65,1,1.843
paired,66,1,1.984
paired,67,1,1.765
paired,68,1,1.732
paired,69,1,1.741
paired,70,1,1.733
paired,71,1,1.945
paired,72,1,1.772
paired,73,1,1.713
paired,74,1,1.726
paired,75,1,1.721
paired,76,1,1.723
paired,77,1,1.707
paired,78,1,1.772
paired,79,1,1.795
paired,80,1,1.835
paired,81,1,1.719
paired,82,1,1.763
paired,83,1,1.750
paired,84,1,1.739
paired,85,1,1.903
paired,86,1,2.248
paired,87,1,1.782
paired,88,1,1.741
paired,89,1,1.740
paired,90,1,1.820
paired,91,1,1.756
paired,92,1,1.862
paired,93,1,1.929
paired,94,1,1.796
paired,95,1,1.723
paired,96,1,1.693
paired,97,1,1.700
paired,98,1,1.798
paired,99,1,1.773
paired,100,1,1.758
paired,101,1,1.708
paired,102,1,1.817
paired,103,1,1.710
paired,104,1,1.732
paired,105,1,1.718
paired,106,1,1.701
paired,107,1,1.788
paired,108,1,1.696
paired,109,1,1.689
paired,110,1,1.740
paired,111,1,1.688
paired,112,1,1.827
paired,113,1,1.737
paired,114,1,1.826
paired,115,1,1.743
paired,116,1,1.811
paired,117,1,1.716
paired,118,1,1.788
paired,119,1,1.712
paired,120,1,1.731
paired,121,1,1.715
paired,122,1,1.737
paired,123,1,1.703
paired,124,1,1.819
paired,125,1,1.764
paired,126,1,1.951
paired,127,1,1.866
paired,128,1,1.861
paired,129,1,1.827
paired,130,1,1.736
paired,131,1,1.755
paired,132,1,1.890
paired,133,1,1.726
paired,134,1,1.824
paired,135,1,1.825
paired,136,1,1.749
paired,137,1,2.022
paired,138,1,1.788
paired,139,1,1.837
paired,140,1,1.734
paired,141,1,1.731
paired,142,1,1.818
paired,143,1,1.773
paired,144,1,1.778
paired,145,1,1.819
paired,146,1,1.806
paired,147,1,1.801
paired,148,1,1.833
paired,149,1,1.874
paired,150,1,1.766
paired,151,1,1.851
paired,152,1,1.739
paired,153,1,1.741
paired,154,1,1.805
paired,155,1,2.218
paired,156,1,2.054
paired,157,1,1.746
paired,158,1,1.752
paired,159,1,1.719
paired,160,1,1.728
paired,161,1,1.775
paired,162,1,1.754
paired,163,1,1.713
paired,164,1,1.699
paired,165,1,1.734
paired,166,1,1.715
paired,167,1,1.805
paired,168,1,1.807
paired,169,1,1.763
paired,170,1,1.753
paired,171,1,2.235
paired,172,1,1.690
paired,173,1,1.851
paired,174,1,1.730
paired,175,1,1.701
paired,176,1,1.766
paired,177,1,1.748
paired,178,1,1.732
paired,179,1,1.726
paired,180,1,2.129
paired,181,1,1.768
paired,182,1,1.752
paired,183,1,1.891
paired,184,1,1.702
paired,185,1,2.323
paired,186,1,1.775
paired,187,1,1.763
paired,188,1,1.751
paired,189,1,1.749
paired,190,1,1.835
paired,191,1,1.744
paired,192,1,1.721
paired,193,1,1.731
paired,194,1,1.726
paired,195,1,1.938
paired,196,1,1.688
paired,197,1,1.696
paired,198,1,1.761
paired,199,1,2.002
paired,200,1,1.718
paired,201,1,1.743
paired,202,1,1.746
paired,203,1,1.807
paired,204,1,1.710
paired,205,1,1.790
paired,206,1,1.943
paired,207,1,1.748
paired,208,1,1.750
paired,209,1,1.821
paired,210,1,1.789
paired,211,1,1.746
paired,212,1,1.733
paired,213,1,1.835
paired,214,1,2.255
paired,215,1,1.756
paired,216,1,1.753
paired,217,1,1.694
paired,218,1,1.713
paired,219,1,2.138
paired,220,1,2.745
paired,221,1,2.290
paired,222,1,1.777
paired,223,1,1.794
paired,224,1,1.759
paired,225,1,1.742
paired,226,1,1.748
paired,227,1,1.812
paired,228,1,1.909
paired,229,1,1.829
paired,230,1,1.938
paired,231,1,1.800
paired,232,1,1.756
paired,233,1,2.189
paired,234,1,1.777
paired,235,1,1.889
paired,236,1,1.851
paired,237,1,1.812
paired,238,1,1.943
paired,239,1,1.866
paired,240,1,1.814
paired,241,1,1.784
paired,242,1,1.827
paired,243,1,1.901
paired,244,1,1.708
paired,245,1,1.704
paired,246,1,1.844
paired,247,1,1.800
paired,248,1,1.745
paired,249,1,1.827
paired,250,1,1.746
paired,251,1,1.769
paired,252,1,1.851
paired,253,1,1.746
paired,254,1,1.829
paired,255,1,1.861
paired,256,1,1.848
paired,257,1,1.956
paired,258,1,2.049
paired,259,1,1.828
paired,260,1,1.921
paired,261,1,1.770
paired,262,1,2.136
paired,263,1,1.805
paired,264,1,1.883
paired,265,1,1.903
paired,266,1,1.996
paired,267,1,1.841
paired,268,1,1.891
paired,269,1,2.042
paired,270,1,1.778
paired,271,1,1.721
paired,272,1,1.841
paired,273,1,1.720
paired,274,1,1.772
paired,275,1,1.729
paired,276,1,1.725
paired,277,1,1.767
paired,278,1,1.737
paired,279,1,1.726
paired,280,1,1.738
paired,281,1,1.915
paired,282,1,1.882
paired,283,1,1.826
paired,284,1,1.916
paired,285,1,1.775
paired,286,1,1.802
paired,287,1,1.785
paired,288,1,1.720
paired,289,1,1.791
paired,290,1,1.808
paired,291,1,1.756
paired,292,1,1.998
paired,293,1,1.763
paired,294,1,1.775
paired,295,1,1.795
paired,296,1,1.783
paired,297,1,1.814
paired,298,1,1.791
paired,299,1,1.830
paired,300,1,1.757
paired,301,1,1.891
paired,302,1,1.786
paired,303,1,1.851
paired,304,1,1.734
paired,305,1,1.809
paired,306,1,1.865
paired,307,1,1.765
paired,308,1,1.766
paired,309,1,1.855
paired,310,1,1.994
paired,311,1,1.727
paired,312,1,1.770
paired,313,1,1.746
paired,314,1,1.929
paired,315,1,1.749
paired,316,1,1.872
paired,317,1,1.780
paired,318,1,1.821
paired,319,1,1.824
paired,320,1,1.835
paired,321,1,1.802
paired,322,1,1.806
paired,323,1,1.918
paired,324,1,1.857
paired,325,1,1.809
paired,326,1,1.887
paired,327,1,1.776
paired,328,1,1.773
paired,329,1,1.867
paired,330,1,1.927
paired,331,1,1.816
paired,332,1,1.842
paired,333,1,1.741
paired,334,1,1.736
paired,335,1,1.910
paired,336,1,1.864
paired,337,1,1.782
paired,338,1,1.913
paired,339,1,1.700
paired,340,1,1.810
paired,341,1,1.845
paired,342,1,1.931
paired,343,1,1.792
paired,344,1,1.841
paired,345,1,1.796
paired,346,1,1.796
paired,347,1,1.776
paired,348,1,1.835
paired,349,1,1.832
paired,350,1,1.877
paired,351,1,1.779
paired,352,1,1.857
paired,353,1,2.154
paired,354,1,1.791
paired,355,1,1.746
paired,356,1,1.800
paired,357,1,1.844
paired,358,1,1.796
paired,359,1,1.878
paired,360,1,1.772
paired,361,1,1.839
paired,362,1,1.814
paired,363,1,1.709
paired,364,1,1.867
paired,365,1,1.837
paired,366,1,1.722
paired,367,1,1.901
paired,368,1,1.808
paired,369,1,1.725
paired,370,1,1.760
paired,371,1,1.747
paired,372,1,1.870
paired,373,1,1.756
paired,374,1,1.758
paired,375,1,1.808
paired,376,1,1.901
paired,377,1,1.780
paired,378,1,1.788
paired,379,1,1.807
paired,380,1,1.719
paired,381,1,2.115
paired,382,1,1.715
paired,383,1,1.688
paired,384,1,1.760
paired,385,1,1.761
paired,386,1,1.761
paired,387,1,1.888
paired,388,1,1.729
paired,389,1,1.772
paired,390,1,1.813
paired,391,1,1.737
paired,392,1,1.708
paired,393,1,1.710
paired,394,1,1.804
paired,395,1,1.834
paired,396,1,1.865
paired,397,1,1.705
paired,398,1,1.735
paired,399,1,1.717
paired,400,1,1.780
paired,401,1,1.782
paired,402,1,1.745
paired,403,1,1.762
paired,404,1,1.758
paired,405,1,1.805
paired,406,1,2.023
paired,407,1,1.780
paired,408,1,1.736
paired,409,1,1.712
paired,410,1,1.762
paired,411,1,1.735
paired,412,1,1.779
paired,413,1,1.847
paired,414,1,1.886
paired,415,1,1.777
paired,416,1,1.731
paired,417,1,1.808
paired,418,1,1.730
paired,419,1,1.789
paired,420,1,1.738
paired,421,1,1.768
paired,422,1,1.810
paired,423,1,1.826
paired,424,1,1.888
paired,425,1,2.332
paired,426,1,1.863
paired,427,1,1.813
paired,428,1,1.803
paired,429,1,1.797
paired,430,1,1.769
paired,431,1,1.838
paired,432,1,1.802
paired,433,1,1.867
paired,434,1,1.786
paired,435,1,1.849
paired,436,1,1.788
paired,437,1,1.981
paired,438,1,1.784
paired,439,1,1.773
paired,440,1,1.854
paired,441,1,1.793
paired,442,1,1.787
paired,443,1,1.747
paired,444,1,1.759
paired,445,1,1.908
paired,446,1,1.767
paired,447,1,1.868
paired,448,1,1.787
paired,449,1,1.832
paired,450,1,1.856
paired,451,1,1.750
paired,452,1,1.869
paired,453,1,1.787
paired,454,1,1.808
paired,455,1,2.302
paired,456,1,2.098
paired,457,1,1.810
paired,458,1,1.828
paired,459,1,1.768
paired,460,1,1.780
paired,461,1,1.898
paired,462,1,1.800
paired,463,1,1.766
paired,464,1,1.926
paired,465,1,1.709
paired,466,1,1.746
paired,467,1,1.759
paired,468,1,2.496
paired,469,1,1.786
paired,470,1,1.919
paired,471,1,1.772
paired,472,1,1.759
paired,473,1,1.767
paired,474,1,1.834
paired,475,1,1.822
paired,476,1,1.723
paired,477,1,1.757
paired,478,1,1.832
paired,479,1,1.777
paired,480,1,1.934
paired,481,1,1.743
paired,482,1,1.757
paired,483,1,1.739
paired,484,1,1.975
paired,485,1,1.787
paired,486,1,1.803
paired,487,1,1.779
paired,488,1,1.726
paired,489,1,1.798
paired,490,1,1.764
paired,491,1,1.804
paired,492,1,1.775
paired,493,1,1.701
paired,494,1,1.721
paired,495,1,1.746
paired,496,1,1.875
paired,497,1,1.776
paired,498,1,1.761
paired,499,1,1.713
paired,500,1,1.897
paired,501,1,1.775
paired,502,1,1.842
paired,503,1,1.721
paired,504,1,1.809
paired,505,1,1.746
paired,506,1,1.759
paired,507,1,1.871
paired,508,1,1.815
paired,509,1,1.841
paired,510,1,1.904
paired,511,1,1.757
paired,512,1,1.882
paired,513,1,1.769
paired,514,1,1.802
paired,515,1,1.761
paired,516,1,1.807
paired,517,1,2.160
paired,518,1,1.882
paired,519,1,1.803
paired,520,1,1.707
paired,521,1,1.763
paired,522,1,1.816
paired,523,1,1.935
paired,524,1,1.831
paired,525,1,1.855
paired,526,1,1.773
paired,527,1,1.771
paired,528,1,2.024
paired,529,1,2.027
paired,530,1,1.832
paired,531,1,2.292
paired,532,1,1.796
paired,533,1,1.851
paired,534,1,1.886
paired,535,1,1.775
paired,536,1,1.866
paired,537,1,1.736
paired,538,1,1.701
paired,539,1,1.732
paired,540,1,1.730
paired,541,1,1.721
paired,542,1,1.748
paired,543,1,1.758
paired,544,1,1.737
paired,545,1,1.712
paired,546,1,1.792
paired,547,1,1.809
paired,548,1,1.778
paired,549,1,1.760
paired,550,1,1.804
paired,551,1,1.783
paired,552,1,1.765
paired,553,1,1.756
paired,554,1,1.786
paired,555,1,1.841
paired,556,1,1.936
paired,557,1,1.847
paired,558,1,1.849
paired,559,1,1.743
paired,560,1,1.681
paired,561,1,1.789
paired,562,1,1.792
paired,563,1,1.730
paired,564,1,1.760
paired,565,1,1.758
paired,566,1,1.722
paired,567,1,1.804
paired,568,1,1.768
paired,569,1,1.766
paired,570,1,1.844
paired,571,1,1.698
paired,572,1,1.731
paired,573,1,1.829
paired,574,1,1.757
paired,575,1,1.789
paired,576,1,1.833
paired,577,1,1.970
paired,578,1,1.808
paired,579,1,1.929
paired,580,1,1.711
paired,581,1,1.738
paired,582,1,1.725
paired,583,1,1.891
paired,584,1,1.725
paired,585,1,1.847
paired,586,1,1.814
paired,587,1,1.780
paired,588,1,1.728
paired,589,1,1.777
paired,590,1,1.773
paired,591,1,1.767
paired-reverse,0,1,7.786
paired-reverse,1,0,0.000
paired-reverse,2,0,0.000
paired-reverse,3,0,0.000
paired-reverse,4,0,0.000
paired-reverse,5,0,0.000
paired-reverse,6,0,0.000
paired-reverse,7,0,0.000
paired-reverse,8,0,0.000
paired-reverse,9,0,0.000
paired-reverse,10,0,0.000
paired-reverse,11,0,0.000
paired-reverse,12,0,0.000
paired-reverse,13,1,3.756
paired-reverse,14,1,1.860
paired-reverse,15,1,1.825
paired-reverse,16,1,1.759
paired-reverse,17,1,1.804
paired-reverse,18,1,1.793
paired-reverse,19,1,1.701
paired-reverse,20,1,1.769
paired-reverse,21,1,1.799
paired-reverse,22,1,1.743
paired-reverse,23,1,1.804
paired-reverse,24,1,1.724
paired-reverse,25,1,1.699
paired-reverse,26,1,1.741
paired-reverse,27,1,1.810
paired-reverse,28,1,1.676
paired-reverse,29,1,1.701
paired-reverse,30,1,1.695
paired-reverse,31,1,1.691
paired-reverse,32,1,1.713
paired-reverse,33,1,1.639
paired-reverse,34,1,1.715
paired-reverse,35,1,1.815
paired-reverse,36,1,1.731
paired-reverse,37,1,1.686
paired-reverse,38,1,1.719
paired-reverse,39,1,1.759
paired-reverse,40,1,1.802
paired-reverse,41,1,1.808
paired-reverse,42,1,2.122
paired-reverse,43,1,1.727
paired-reverse,44,1,1.702
paired-reverse,45,1,1.727
paired-reverse,46,1,1.757
paired-reverse,47,1,1.867
paired-reverse,48,1,1.688
paired-reverse,49,1,1.822
paired-reverse,50,1,1.765
paired-reverse,51,1,1.706
paired-reverse,52,1,1.682
paired-reverse,53,1,1.760
paired-reverse,54,1,1.806
paired-reverse,55,1,1.686
paired-reverse,56,1,1.805
paired-reverse,57,1,1.806
paired-reverse,58,1,1.706
paired-reverse,59,1,1.763
paired-reverse,60,1,1.689
paired-reverse,61,1,1.778
paired-reverse,62,1,2.160
paired-reverse,63,1,2.333
paired-reverse,64,1,1.792
paired-reverse,65,1,1.690
paired-reverse,66,1,1.676
paired-reverse,67,1,1.700
paired-reverse,68,1,2.189
paired-reverse,69,1,1.695
paired-reverse,70,1,1.747
paired-reverse,71,1,1.756
paired-reverse,72,1,1.714
paired-reverse,73,1,1.683
paired-reverse,74,1,1.744
paired-reverse,75,1,1.839
paired-reverse,76,1,1.790
paired-reverse,77,1,1.712
paired-reverse,78,1,1.735
paired-reverse,79,1,1.772
paired-reverse,80,1,1.829
paired-reverse,81,1,1.738
paired-reverse,82,1,1.769
paired-reverse,83,1,1.864
paired-reverse,84,1,1.808
paired-reverse,85,1,1.698
paired-reverse,86,1,1.711
paired-reverse,87,1,1.738
paired-reverse,88,1,1.732
paired-reverse,89,1,1.764
paired-reverse,90,1,1.722
paired-reverse,91,1,1.746
paired-reverse,92,1,1.723
paired-reverse,93,1,1.807
paired-reverse,94,1,1.749
paired-reverse,95,1,1.868
paired-reverse,96,1,1.709
paired-reverse,97,1,1.782
paired-reverse,98,1,1.797
paired-reverse,99,1,1.777
paired-reverse,100,1,1.775
paired-reverse,101,1,1.748
paired-reverse,102,1,1.789
paired-reverse,103,1,1.791
paired-reverse,104,1,1.747
paired-reverse,105,1,1.776
paired-reverse,106,1,1.710
paired-reverse,107,1,1.701
paired-reverse,108,1,1.739
paired-reverse,109,1,1.734
paired-reverse,110,1,1.743
paired-reverse,111,1,1.731
paired-reverse,112,1,1.863
paired-reverse,113,1,1.737
paired-reverse,114,1,1.880
paired-reverse,115,1,1.902
paired-reverse,116,1,1.754
paired-reverse,117,1,1.704
paired-reverse,118,1,1.748
paired-reverse,119,1,1.777
paired-reverse,120,1,1.831
paired-reverse,121,1,1.774
paired-reverse,122,1,1.708
paired-reverse,123,1,1.731
paired-reverse,124,1,1.743
paired-reverse,125,1,1.707
paired-reverse,126,1,1.850
paired-reverse,127,1,1.771
paired-reverse,128,1,1.769
paired-reverse,129,1,1.742
paired-reverse,130,1,2.047
paired-reverse,131,1,1.736
paired-reverse,132,1,1.742
paired-reverse,133,1,1.825
paired-reverse,134,1,1.737
paired-reverse,135,1,1.948
paired-reverse,136,1,1.947
paired-reverse,137,1,1.749
paired-reverse,138,1,1.743
paired-reverse,139,1,1.791
paired-reverse,140,1,1.893
paired-reverse,141,1,1.784
paired-reverse,142,1,1.735
paired-reverse,143,1,1.726
paired-reverse,144,1,1.717
paired-reverse,145,1,1.832
paired-reverse,146,1,1.743
paired-reverse,147,1,1.815
paired-reverse,148,1,1.738
paired-reverse,149,1,1.708
paired-reverse,150,1,1.695
paired-reverse,151,1,1.764
paired-reverse,152,1,2.146
paired-reverse,153,1,1.745
paired-reverse,154,1,1.689
paired-reverse,155,1,1.699
paired-reverse,156,1,1.742
paired-reverse,157,1,1.689
paired-reverse,158,1,1.673
paired-reverse,159,1,1.724
paired-reverse,160,1,2.134
paired-reverse,161,1,1.855
paired-reverse,162,1,1.788
paired-reverse,163,1,1.763
paired-reverse,164,1,1.774
paired-reverse,165,1,1.730
paired-reverse,166,1,1.845
paired-reverse,167,1,1.772
paired-reverse,168,1,1.724
paired-reverse,169,1,1.658
paired-reverse,170,1,2.128
paired-reverse,171,1,1.808
paired-reverse,172,1,2.112
paired-reverse,173,1,1.800
paired-reverse,174,1,1.811
paired-reverse,175,1,1.761
paired-reverse,176,1,1.763
paired-reverse,177,1,1.719
paired-reverse,178,1,1.714
paired-reverse,179,1,1.709
paired-reverse,180,1,1.717
paired-reverse,181,1,1.749
paired-reverse,182,1,2.273
paired-reverse,183,1,1.686
paired-reverse,184,1,1.732
paired-reverse,185,1,1.736
paired-reverse,186,1,1.694
paired-reverse,187,1,1.836
paired-reverse,188,1,1.739
paired-reverse,189,1,1.707
paired-reverse,190,1,1.787
paired-reverse,191,1,1.965
paired-reverse,192,1,1.856
paired-reverse,193,1,1.738
paired-reverse,194,1,1.697
paired-reverse,195,1,1.783
paired-reverse,196,1,1.715
paired-reverse,197,1,1.752
paired-reverse,198,1,1.698
paired-reverse,199,1,2.129
paired-reverse,200,1,1.938
paired-reverse,201,1,1.704
paired-reverse,202,1,1.701
paired-reverse,203,1,1.871
paired-reverse,204,1,1.775
paired-reverse,205,1,1.757
paired-reverse,206,1,1.733
paired-reverse,207,1,1.747
paired-reverse,208,1,1.709
paired-reverse,209,1,1.737
paired-reverse,210,1,1.767
paired-reverse,211,1,1.675
paired-reverse,212,1,1.850
paired-reverse,213,1,1.776
paired-reverse,214,1,1.815
paired-reverse,215,1,1.757
paired-reverse,216,1,1.926
paired-reverse,217,1,1.772
paired-reverse,218,1,1.768
paired-reverse,219,1,1.902
paired-reverse,220,1,1.761
paired-reverse,221,1,1.734
paired-reverse,222,1,1.763
paired-reverse,223,1,1.710
paired-reverse,224,1,1.780
paired-reverse,225,1,1.881
paired-reverse,226,1,1.770
paired-reverse,227,1,1.721
paired-reverse,228,1,1.794
paired-reverse,229,1,1.733
paired-reverse,230,1,1.930
paired-reverse,231,1,1.762
paired-reverse,232,1,1.735
paired-reverse,233,1,1.884
paired-reverse,234,1,1.713
paired-reverse,235,1,1.758
paired-reverse,236,1,1.775
paired-reverse,237,1,1.724
paired-reverse,238,1,1.742
paired-reverse,239,1,1.929
paired-reverse,240,1,1.801
paired-reverse,241,1,1.739
paired-reverse,242,1,1.924
paired-reverse,243,1,1.747
paired-reverse,244,1,1.895
paired-reverse,245,1,1.775
paired-reverse,246,1,1.830
paired-reverse,247,1,1.740
paired-reverse,248,1,1.687
paired-reverse,249,1,1.734
paired-reverse,250,1,1.919
paired-reverse,251,1,1.687
paired-reverse,252,1,1.830
paired-reverse,253,1,1.790
paired-reverse,254,1,1.832
paired-reverse,255,1,1.727
paired-reverse,256,1,1.691
paired-reverse,257,1,1.824
paired-reverse,258,1,1.720
paired-reverse,259,1,1.797
paired-reverse,260,1,1.680
paired-reverse,261,1,1.709
paired-reverse,262,1,1.766
paired-reverse,263,1,1.866
paired-reverse,264,1,1.701
paired-reverse,265,1,1.763
paired-reverse,266,1,1.686
paired-reverse,267,1,1.895
paired-reverse,268,1,1.767
paired-reverse,269,1,1.751
paired-reverse,270,1,1.734
paired-reverse,271,1,1.705
paired-reverse,272,1,1.884
paired-reverse,273,1,1.819
paired-reverse,274,1,1.779
paired-reverse,275,1,1.715
paired-reverse,276,1,1.742
paired-reverse,277,1,1.773
paired-reverse,278,1,1.764
paired-reverse,279,1,1.756
paired-reverse,280,1,1.872
paired-reverse,281,1,1.751
paired-reverse,282,1,1.764
paired-reverse,283,1,1.865
paired-reverse,284,1,1.772
paired-reverse,285,1,1.757
paired-reverse,286,1,1.806
paired-reverse,287,1,1.783
paired-reverse,288,1,1.821
paired-reverse,289,1,1.771
paired-reverse,290,1,1.809
paired-reverse,291,1,1.740
paired-reverse,292,1,1.717
paired-reverse,293,1,1.802
paired-reverse,294,1,1.926
paired-reverse,295,1,1.812
paired-reverse,296,1,1.762
paired-reverse,297,1,1.784
paired-reverse,298,1,1.766
paired-reverse,299,1,1.788
paired-reverse,300,1,1.774
paired-reverse,301,1,1.871
paired-reverse,302,1,1.784
paired-reverse,303,1,1.775
paired-reverse,304,1,1.842
paired-reverse,305,1,1.997
paired-reverse,306,1,1.781
paired-reverse,307,1,1.732
paired-reverse,308,1,1.701
paired-reverse,309,1,1.845
paired-reverse,310,1,2.320
paired-reverse,311,1,1.936
paired-reverse,312,1,1.766
paired-reverse,313,1,1.794
paired-reverse,314,1,1.721
paired-reverse,315,1,1.708
paired-reverse,316,1,1.753
paired-reverse,317,1,1.807
paired-reverse,318,1,2.010
paired-reverse,319,1,1.767
paired-reverse,320,1,1.825
paired-reverse,321,1,1.764
paired-reverse,322,1,2.006
paired-reverse,323,1,1.816
paired-reverse,324,1,1.835
paired-reverse,325,1,1.696
paired-reverse,326,1,1.841
paired-reverse,327,1,1.790
paired-reverse,328,1,1.760
paired-reverse,329,1,1.735
paired-reverse,330,1,1.827
paired-reverse,331,1,1.774
paired-reverse,332,1,1.764
paired-reverse,333,1,1.945
paired-reverse,334,1,1.779
paired-reverse,335,1,1.823
paired-reverse,336,1,1.843
paired-reverse,337,1,1.722
paired-reverse,338,1,1.767
paired-reverse,339,1,1.759
paired-reverse,340,1,1.772
paired-reverse,341,1,1.714
paired-reverse,342,1,1.831
paired-reverse,343,1,1.828
paired-reverse,344,1,1.785
paired-reverse,345,1,1.778
paired-reverse,346,1,1.766
paired-reverse,347,1,1.860
paired-reverse,348,1,1.763
paired-reverse,349,1,1.834
paired-reverse,350,1,1.925
paired-reverse,351,1,1.770
paired-reverse,352,1,1.774
paired-reverse,353,1,1.733
paired-reverse,354,1,1.908
paired-reverse,355,1,1.983
paired-reverse,356,1,1.733
paired-reverse,357,1,1.723
paired-reverse,358,1,1.796
paired-reverse,359,1,1.783
paired-reverse,360,1,1.782
paired-reverse,361,1,1.734
paired-reverse,362,1,1.728
paired-reverse,363,1,1.781
paired-reverse,364,1,1.796
paired-reverse,365,1,1.856
paired-reverse,366,1,1.793
paired-reverse,367,1,1.934
paired-reverse,368,1,1.791
paired-reverse,369,1,1.792
paired-reverse,370,1,1.808
paired-reverse,371,1,1.729
paired-reverse,372,1,1.773
paired-reverse,373,1,1.904
paired-reverse,374,1,1.824
paired-reverse,375,1,1.848
paired-reverse,376,1,1.780
paired-reverse,377,1,1.756
paired-reverse,378,1,1.715
paired-reverse,379,1,1.806
paired-reverse,380,1,1.750
paired-reverse,381,1,1.780
paired-reverse,382,1,1.701
paired-reverse,383,1,1.752
paired-reverse,384,1,1.853
paired-reverse,385,1,1.761
paired-reverse,386,1,1.789
paired-reverse,387,1,1.830
paired-reverse,388,1,1.835
paired-reverse,389,1,1.764
paired-reverse,390,1,1.753
paired-reverse,391,1,1.776
paired-reverse,392,1,1.750
paired-reverse,393,1,1.768
paired-reverse,394,1,1.723
paired-reverse,395,1,1.755
paired-reverse,396,1,1.793
paired-reverse,397,1,1.768
paired-reverse,398,1,2.192
paired-reverse,399,1,1.790
paired-reverse,400,1,1.781
paired-reverse,401,1,1.847
paired-reverse,402,1,1.789
paired-reverse,403,1,1.772
paired-reverse,404,1,1.773
paired-reverse,405,1,1.799
paired-reverse,406,1,1.779
paired-reverse,407,1,1.982
paired-reverse,408,1,1.801
paired-reverse,409,1,1.754
paired-reverse,410,1,1.823
paired-reverse,411,1,1.781
paired-reverse,412,1,1.753
paired-reverse,413,1,1.757
paired-reverse,414,1,2.005
paired-reverse,415,1,1.783
paired-reverse,416,1,1.959
paired-reverse,417,1,1.769
paired-reverse,418,1,2.120
paired-reverse,419,1,1.762
paired-reverse,420,1,1.849
paired-reverse,421,1,1.740
paired-reverse,422,1,1.836
paired-reverse,423,1,1.778
paired-reverse,424,1,1.689
paired-reverse,425,1,1.935
paired-reverse,426,1,1.849
paired-reverse,427,1,1.904
paired-reverse,428,1,1.760
paired-reverse,429,1,1.844
paired-reverse,430,1,1.838
paired-reverse,431,1,1.771
paired-reverse,432,1,1.765
paired-reverse,433,1,1.965
paired-reverse,434,1,1.998
paired-reverse,435,1,1.741
paired-reverse,436,1,1.842
paired-reverse,437,1,2.333
paired-reverse,438,1,1.746
paired-reverse,439,1,1.805
paired-reverse,440,1,1.855
paired-reverse,441,1,2.058
paired-reverse,442,1,1.783
paired-reverse,443,1,1.743
paired-reverse,444,1,1.910
paired-reverse,445,1,1.777
paired-reverse,446,1,1.818
paired-reverse,447,1,1.781
paired-reverse,448,1,1.860
paired-reverse,449,1,1.859
paired-reverse,450,1,1.748
paired-reverse,451,1,1.772
paired-reverse,452,1,1.747
paired-reverse,453,1,2.470
paired-reverse,454,1,1.819
paired-reverse,455,1,1.852
paired-reverse,456,1,1.757
paired-reverse,457,1,1.942
paired-reverse,458,1,1.849
paired-reverse,459,1,1.777
paired-reverse,460,1,1.970
paired-reverse,461,1,1.845
paired-reverse,462,1,1.861
paired-reverse,463,1,1.786
paired-reverse,464,1,1.734
paired-reverse,465,1,1.753
paired-reverse,466,1,1.797
paired-reverse,467,1,1.758
paired-reverse,468,1,1.880
paired-reverse,469,1,1.763
paired-reverse,470,1,1.734
paired-reverse,471,1,1.761
paired-reverse,472,1,1.872
paired-reverse,473,1,1.656
paired-reverse,474,1,1.774
paired-reverse,475,1,1.801
paired-reverse,476,1,1.707
paired-reverse,477,1,1.767
paired-reverse,478,1,1.820
paired-reverse,479,1,1.726
paired-reverse,480,1,1.823
paired-reverse,481,1,1.819
paired-reverse,482,1,2.018
paired-reverse,483,1,1.811
paired-reverse,484,1,1.730
paired-reverse,485,1,1.728
paired-reverse,486,1,1.771
paired-reverse,487,1,1.972
paired-reverse,488,1,1.792
paired-reverse,489,1,1.871
paired-reverse,490,1,1.786
paired-reverse,491,1,1.875
paired-reverse,492,1,1.858
paired-reverse,493,1,1.860
paired-reverse,494,1,1.907
paired-reverse,495,1,1.840
paired-reverse,496,1,1.806
paired-reverse,497,1,1.729
paired-reverse,498,1,1.763
paired-reverse,499,1,1.755
paired-reverse,500,1,1.847
paired-reverse,501,1,1.802
paired-reverse,502,1,1.928
paired-reverse,503,1,1.740
paired-reverse,504,1,1.738
paired-reverse,505,1,1.872
paired-reverse,506,1,1.756
paired-reverse,507,1,1.759
paired-reverse,508,1,1.893
paired-reverse,509,1,2.269
paired-reverse,510,1,1.868
paired-reverse,511,1,2.047
paired-reverse,512,1,1.825
paired-reverse,513,1,1.874
paired-reverse,514,1,1.779
paired-reverse,515,1,1.721
paired-reverse,516,1,1.744
paired-reverse,517,1,1.784
paired-reverse,518,1,1.885
paired-reverse,519,1,1.736
paired-reverse,520,1,1.823
paired-reverse,521,1,1.749
paired-reverse,522,1,1.765
paired-reverse,523,1,2.197
paired-reverse,524,1,1.818
paired-reverse,525,1,1.748
paired-reverse,526,1,1.776
paired-reverse,527,1,1.755
paired-reverse,528,1,1.671
paired-reverse,529,1,1.815
paired-reverse,530,1,1.876
paired-reverse,531,1,1.722
paired-reverse,532,1,1.759
paired-reverse,533,1,1.771
paired-reverse,534,1,1.758
paired-reverse,535,1,1.745
paired-reverse,536,1,1.731
paired-reverse,537,1,1.805
paired-reverse,538,1,1.768
paired-reverse,539,1,1.741
paired-reverse,540,1,1.752
paired-reverse,541,1,1.767
paired-reverse,542,1,1.751
paired-reverse,543,1,1.846
paired-reverse,544,1,1.818
paired-reverse,545,1,1.715
paired-reverse,546,1,1.754
paired-reverse,547,1,1.781
paired-reverse,548,1,1.715
paired-reverse,549,1,1.750
paired-reverse,550,1,1.708
paired-reverse,551,1,1.766
paired-reverse,552,1,1.825
paired-reverse,553,1,1.865
paired-reverse,554,1,1.745
paired-reverse,555,1,1.795
paired-reverse,556,1,1.740
paired-reverse,557,1,1.816
paired-reverse,558,1,1.929
paired-reverse,559,1,1.738
paired-reverse,560,1,1.753
paired-reverse,561,1,1.979
paired-reverse,562,1,1.824
paired-reverse,563,1,1.676
paired-reverse,564,1,1.757
paired-reverse,565,1,1.797
paired-reverse,566,1,1.759
paired-reverse,567,1,1.763
paired-reverse,568,1,1.845
paired-reverse,569,1,1.772
paired-reverse,570,1,1.818
paired-reverse,571,1,1.860
paired-reverse,572,1,1.836
paired-reverse,573,1,1.773
paired-reverse,574,1,1.827
paired-reverse,575,1,1.960
paired-reverse,576,1,1.750
paired-reverse,577,1,1.984
paired-reverse,578,1,1.821
paired-reverse,579,1,1.825
paired-reverse,580,1,1.778
paired-reverse,581,1,2.110
paired-reverse,582,1,1.799
paired-reverse,583,1,1.892
paired-reverse,584,1,1.865
paired-reverse,585,1,1.739
paired-reverse,586,1,1.749
paired-reverse,587,1,1.847
paired-reverse,588,1,1.806
paired-reverse,589,1,1.782
paired-reverse,590,1,1.762
paired-reverse,591,1,1.942
paired-reverse,592,1,1.787
paired-reverse,593,1,2.189
paired-reverse,594,1,1.758
paired-reverse,595,1,1.763
paired-reverse,596,1,1.707
paired-reverse,597,1,1.809
paired-reverse,598,1,1.808
paired-reverse,599,1,1.890
paired-reverse,600,1,1.790
paired-reverse,601,1,2.237
paired-reverse,602,1,1.840
paired-reverse,603,1,1.776
paired-reverse,604,1,1.758
paired-reverse,605,1,1.805
paired-reverse,606,1,1.778
paired-reverse,607,1,1.794
paired-reverse,608,1,1.780
paired-reverse,609,1,1.749
paired-reverse,610,1,1.768
paired-reverse,611,1,1.761
paired-reverse,612,1,1.802
paired-reverse,613,1,1.780
paired-reverse,614,1,1.741
paired-reverse,615,1,1.803
paired-reverse,616,1,1.822
paired-reverse,617,1,1.840
paired-reverse,618,1,1.806
paired-reverse,619,1,1.764
paired-reverse,620,1,1.938
paired-reverse,621,1,1.783
paired-reverse,622,1,1.762
paired-reverse,623,1,1.761
paired-reverse,624,1,1.777
paired-reverse,625,1,1.863
paired-reverse,626,1,1.838
paired-reverse,627,1,1.710
paired-reverse,628,1,1.777
paired-reverse,629,1,1.757
paired-reverse,630,1,1.858
paired-reverse,631,1,1.700
paired-reverse,632,1,1.759
paired-reverse,633,1,1.816
paired-reverse,634,1,1.736
paired-reverse,635,1,1.724
paired-reverse,636,1,1.795
paired-reverse,637,1,2.036
paired-reverse,638,1,1.867
paired-reverse,639,1,1.888
paired-reverse,640,1,1.755
paired-reverse,641,1,1.705
paired-reverse,642,1,2.537
paired-reverse,643,1,1.773
paired-reverse,644,1,1.788
paired-reverse,645,1,1.760
paired-reverse,646,1,1.850
paired-reverse,647,1,1.819
paired-reverse,648,1,1.734
paired-reverse,649,1,1.883
paired-reverse,650,1,1.857
paired-reverse,651,1,1.752
paired-reverse,652,1,1.864
paired-reverse,653,1,1.889
paired-reverse,654,1,1.720
paired-reverse,655,1,1.739
paired-reverse,656,1,1.807
paired-reverse,657,1,1.789
paired-reverse,658,1,1.862
paired-reverse,659,1,1.767
paired-reverse,660,1,2.013
paired-reverse,661,1,1.715
paired-reverse,662,1,1.866
paired-reverse,663,1,1.778
paired-reverse,664,1,1.758
paired-reverse,665,1,1.837
paired-reverse,666,1,1.755
paired-reverse,667,1,1.850
paired-reverse,668,1,2.021
gather-reverse,0,1,7.363
gather-reverse,1,0,0.000
gather-reverse,2,0,0.000
gather-reverse,3,0,0.000
gather-reverse,4,0,0.000
gather-reverse,5,0,0.000
gather-reverse,6,0,0.000
gather-reverse,7,0,0.000
gather-reverse,8,0,0.000
gather-reverse,9,0,0.000
gather-reverse,10,0,0.000
gather-reverse,11,0,0.000
gather-reverse,12,0,0.000
gather-reverse,13,0,0.000
gather-reverse,14,0,0.000
gather-reverse,15,0,0.000
gather-reverse,16,0,0.000
gather-reverse,17,0,0.000
gather-reverse,18,0,0.000
gather-reverse,19,0,0.000
gather-reverse,20,0,0.000
gather-reverse,21,1,4.152
gather-reverse,22,1,2.312
gather-reverse,23,1,2.271
gather-reverse,24,1,2.281
gather-reverse,25,1,2.210
gather-reverse,26,1,3.039
gather-reverse,27,1,2.282
gather-reverse,28,1,2.275
gather-reverse,29,1,2.239
gather-reverse,30,1,2.211
gather-reverse,31,1,2.591
gather-reverse,32,1,2.352
gather-reverse,33,1,2.257
gather-reverse,34,1,2.208
gather-reverse,35,1,2.273
gather-reverse,36,1,2.522
gather-reverse,37,1,2.719
gather-reverse,38,1,2.230
gather-reverse,39,1,2.304
gather-reverse,40,1,2.314
gather-reverse,41,1,2.397
gather-reverse,42,1,2.369
gather-reverse,43,1,2.687
gather-reverse,44,1,2.248
gather-reverse,45,1,2.889
gather-reverse,46,1,2.762
gather-reverse,47,1,2.211
gather-reverse,48,1,2.284
gather-reverse,49,1,2.295
gather-reverse,50,1,2.273
gather-reverse,51,1,2.646
gather-reverse,52,1,2.346
gather-reverse,53,1,2.302
gather-reverse,54,1,2.340
gather-reverse,55,1,2.269
gather-reverse,56,1,2.755
gather-reverse,57,1,2.294
gather-reverse,58,1,2.249
gather-reverse,59,1,2.263
gather-reverse,60,1,2.375
gather-reverse,61,1,2.413
gather-reverse,62,1,2.269
gather-reverse,63,1,2.273
gather-reverse,64,1,2.377
gather-reverse,65,1,2.154
gather-reverse,66,1,2.207
gather-reverse,67,1,2.190
gather-reverse,68,1,2.307
gather-reverse,69,1,2.320
gather-reverse,70,1,2.359
gather-reverse,71,1,2.354
gather-reverse,72,1,2.325
gather-reverse,73,1,2.367
gather-reverse,74,1,2.578
gather-reverse,75,1,2.422
gather-reverse,76,1,2.324
gather-reverse,77,1,2.649
gather-reverse,78,1,2.845
gather-reverse,79,1,2.211
gather-reverse,80,1,3.206
gather-reverse,81,1,2.410
gather-reverse,82,1,2.413
gather-reverse,83,1,2.328
gather-reverse,84,1,2.282
gather-reverse,85,1,2.189
gather-reverse,86,1,2.276
gather-reverse,87,1,2.165
gather-reverse,88,1,2.436
gather-reverse,89,1,2.209
gather-reverse,90,1,2.269
gather-reverse,91,1,2.243
gather-reverse,92,1,2.239
gather-reverse,93,1,2.287
gather-reverse,94,1,2.279
gather-reverse,95,1,2.389
gather-reverse,96,1,2.227
gather-reverse,97,1,2.287
gather-reverse,98,1,2.408
gather-reverse,99,1,2.241
gather-reverse,100,1,2.247
gather-reverse,101,1,2.270
gather-reverse,102,1,2.377
gather-reverse,103,1,2.386
gather-reverse,104,1,2.359
gather-reverse,105,1,2.221
gather-reverse,106,1,2.455
gather-reverse,107,1,2.267
gather-reverse,108,1,2.262
gather-reverse,109,1,2.197
gather-reverse,110,1,2.332
gather-reverse,111,1,2.300
gather-reverse,112,1,2.421
gather-reverse,113,1,2.318
gather-reverse,114,1,2.252
gather-reverse,115,1,2.178
gather-reverse,116,1,2.315
gather-reverse,117,1,2.225
gather-reverse,118,1,2.280
gather-reverse,119,1,2.226
gather-reverse,120,1,2.273
gather-reverse,121,1,2.202
gather-reverse,122,1,2.429
gather-reverse,123,1,2.346
gather-reverse,124,1,2.270
gather-reverse,125,1,2.224
gather-reverse,126,1,2.273
gather-reverse,127,1,2.272
gather-reverse,128,1,2.182
gather-reverse,129,1,2.235
gather-reverse,130,1,2.246
gather-reverse,131,1,2.345
gather-reverse,132,1,2.270
gather-reverse,133,1,2.255
gather-reverse,134,1,2.247
gather-reverse,135,1,2.252
gather-reverse,136,1,2.286
gather-reverse,137,1,2.308
gather-reverse,138,1,2.330
gather-reverse,139,1,2.215
gather-reverse,140,1,2.270
gather-reverse,141,1,2.340
gather-reverse,142,1,2.257
gather-reverse,143,1,2.273
gather-reverse,144,1,2.355
gather-reverse,145,1,2.528
gather-reverse,146,1,3.119
gather-reverse,147,1,2.420
gather-reverse,148,1,2.224
gather-reverse,149,1,2.255
gather-reverse,150,1,2.316
gather-reverse,151,1,2.405
gather-reverse,152,1,2.410
gather-reverse,153,1,2.308
gather-reverse,154,1,2.312
gather-reverse,155,1,2.987
gather-reverse,156,1,2.285
gather-reverse,157,1,2.240
gather-reverse,158,1,2.822
gather-reverse,159,1,2.271
gather-reverse,160,1,2.290
gather-reverse,161,1,2.406
gather-reverse,162,1,2.769
gather-reverse,163,1,2.581
gather-reverse,164,1,2.708
gather-reverse,165,1,2.332
gather-reverse,166,1,2.373
gather-reverse,167,1,2.394
gather-reverse,168,1,2.348
gather-reverse,169,1,2.771
gather-reverse,170,1,2.312
gather-reverse,171,1,2.253
gather-reverse,172,1,2.257
gather-reverse,173,1,2.214
gather-reverse,174,1,2.382
gather-reverse,175,1,2.233
gather-reverse,176,1,2.231
gather-reverse,177,1,2.270
gather-reverse,178,1,2.250
gather-reverse,179,1,2.276
gather-reverse,180,1,2.552
gather-reverse,181,1,2.251
gather-reverse,182,1,2.264
gather-reverse,183,1,2.314
gather-reverse,184,1,2.268
gather-reverse,185,1,2.257
gather-reverse,186,1,2.225
gather-reverse,187,1,2.245
gather-reverse,188,1,2.379
gather-reverse,189,1,2.283
gather-reverse,190,1,2.671
gather-reverse,191,1,2.215
gather-reverse,192,1,2.172
gather-reverse,193,1,2.191
gather-reverse,194,1,2.598
gather-reverse,195,1,2.264
gather-reverse,196,1,2.193
gather-reverse,197,1,2.301
gather-reverse,198,1,2.211
gather-reverse,199,1,3.498
gather-reverse,200,1,2.549
gather-reverse,201,1,2.454
gather-reverse,202,1,2.387
gather-reverse,203,1,2.383
gather-reverse,204,1,2.351
gather-reverse,205,1,2.335
gather-reverse,206,1,2.280
gather-reverse,207,1,2.398
gather-reverse,208,1,2.246
gather-reverse,209,1,2.315
gather-reverse,210,1,2.216
gather-reverse,211,1,2.303
gather-reverse,212,1,2.224
gather-reverse,213,1,2.249
gather-reverse,214,1,2.904
gather-reverse,215,1,2.283
gather-reverse,216,1,2.511
gather-reverse,217,1,2.284
gather-reverse,218,1,2.296
gather-reverse,219,1,2.364
gather-reverse,220,1,2.359
gather-reverse,221,1,2.331
gather-reverse,222,1,2.448
gather-reverse,223,1,2.258
gather-reverse,224,1,2.557
gather-reverse,225,1,2.183
gather-reverse,226,1,2.314
gather-reverse,227,1,2.256
gather-reverse,228,1,2.292
gather-reverse,229,1,2.722
gather-reverse,230,1,2.776
gather-reverse,231,1,2.193
gather-reverse,232,1,2.250
gather-reverse,233,1,2.399
gather-reverse,234,1,2.429
gather-reverse,235,1,2.270
gather-reverse,236,1,2.412
gather-reverse,237,1,2.354
gather-reverse,238,1,2.366
gather-reverse,239,1,2.551
gather-reverse,240,1,2.505
gather-reverse,241,1,3.230
gather-reverse,242,1,2.340
gather-reverse,243,1,2.329
gather-reverse,244,1,2.329
gather-reverse,245,1,2.887
gather-reverse,246,1,2.307
gather-reverse,247,1,2.230
gather-reverse,248,1,2.251
gather-reverse,249,1,2.272
gather-reverse,250,1,2.284
gather-reverse,251,1,2.322
gather-reverse,252,1,2.600
gather-reverse,253,1,2.536
gather-reverse,254,1,2.286
gather-reverse,255,1,2.251
gather-reverse,256,1,2.255
gather-reverse,257,1,2.293
gather-reverse,258,1,2.292
gather-reverse,259,1,2.241
gather-reverse,260,1,2.307
gather-reverse,261,1,2.477
gather-reverse,262,1,2.419
gather-reverse,263,1,2.821
gather-reverse,264,1,2.305
gather-reverse,265,1,2.410
gather-reverse,266,1,2.379
gather-reverse,267,1,2.420
gather-reverse,268,1,2.435
gather-reverse,269,1,2.438
gather-reverse,270,1,2.360
gather-reverse,271,1,2.908
gather-reverse,272,1,2.292
gather-reverse,273,1,2.303
gather-reverse,274,1,2.312
gather-reverse,275,1,2.409
gather-reverse,276,1,2.452
gather-reverse,277,1,2.425
gather-reverse,278,1,2.270
gather-reverse,279,1,2.350
gather-reverse,280,1,2.410
gather-reverse,281,1,2.489
gather-reverse,282,1,2.512
gather-reverse,283,1,2.333
gather-reverse,284,1,2.485
gather-reverse,285,1,2.332
gather-reverse,286,1,2.256
gather-reverse,287,1,2.322
gather-reverse,288,1,2.225
gather-reverse,289,1,2.290
gather-reverse,290,1,2.568
gather-reverse,291,1,2.265
gather-reverse,292,1,2.324
gather-reverse,293,1,2.253
gather-reverse,294,1,2.283
gather-reverse,295,1,2.290
gather-reverse,296,1,2.245
gather-reverse,297,1,2.446
gather-reverse,298,1,2.408
gather-reverse,299,1,2.412
gather-reverse,300,1,2.293
gather-reverse,301,1,2.310
gather-reverse,302,1,2.241
gather-reverse,303,1,2.442
gather-reverse,304,1,2.211
gather-reverse,305,1,2.220
gather-reverse,306,1,2.209
gather-reverse,307,1,2.256
gather-reverse,308,1,2.220
gather-reverse,309,1,2.251
gather-reverse,310,1,2.196
gather-reverse,311,1,2.218
gather-reverse,312,1,2.206
gather-reverse,313,1,2.233
gather-reverse,314,1,2.317
gather-reverse,315,1,2.397
gather-reverse,316,1,2.254
gather-reverse,317,1,2.327
gather-reverse,318,1,2.348
gather-reverse,319,1,2.318
gather-reverse,320,1,2.256
gather-reverse,321,1,2.307
gather-reverse,322,1,2.315
gather-reverse,323,1,2.294
gather-reverse,324,1,2.263
gather-reverse,325,1,2.282
gather-reverse,326,1,2.255
gather-reverse,327,1,2.305
gather-reverse,328,1,2.596
gather-reverse,329,1,2.250
gather-reverse,330,1,2.294
gather-reverse,331,1,2.243
gather-reverse,332,1,2.272
gather-reverse,333,1,2.228
gather-reverse,334,1,2.466
gather-reverse,335,1,2.253
gather-reverse,336,1,2.216
gather-reverse,337,1,2.291
gather-reverse,338,1,2.224
gather-reverse,339,1,2.312
gather-reverse,340,1,2.287
gather-reverse,341,1,2.316
gather-reverse,342,1,2.204
gather-reverse,343,1,2.213
gather-reverse,344,1,2.227
gather-reverse,345,1,2.206
gather-reverse,346,1,2.259
gather-reverse,347,1,2.343
gather-reverse,348,1,2.330
gather-reverse,349,1,2.645
gather-reverse,350,1,2.559
gather-reverse,351,1,2.259
gather-reverse,352,1,2.548
gather-reverse,353,1,2.252
gather-reverse,354,1,2.300
gather-reverse,355,1,2.264
gather-reverse,356,1,2.239
gather-reverse,357,1,2.154
gather-reverse,358,1,2.218
gather-reverse,359,1,2.298
gather-reverse,360,1,2.204
gather-reverse,361,1,2.343
gather-reverse,362,1,2.367
gather-reverse,363,1,2.221
gather-reverse,364,1,2.292
gather-reverse,365,1,2.291
gather-reverse,366,1,2.292
gather-reverse,367,1,2.874
gather-reverse,368,1,2.207
gather-reverse,369,1,2.207
gather-reverse,370,1,2.776
gather-reverse,371,1,2.343
gather-reverse,372,1,2.390
gather-reverse,373,1,2.359
gather-reverse,374,1,2.417
gather-reverse,375,1,2.254
gather-reverse,376,1,2.278
gather-reverse,377,1,2.253
gather-reverse,378,1,2.218
gather-reverse,379,1,2.425
gather-reverse,380,1,2.405
gather-reverse,381,1,2.367
gather-reverse,382,1,2.499
gather-reverse,383,1,2.236
gather-reverse,384,1,2.239
gather-reverse,385,1,2.301
gather-reverse,386,1,2.244
gather-reverse,387,1,2.268
gather-reverse,388,1,2.227
gather-reverse,389,1,2.287
gather-reverse,390,1,3.264
gather-reverse,391,1,2.269
gather-reverse,392,1,2.274
gather-reverse,393,1,2.303
gather-reverse,394,1,2.700
gather-reverse,395,1,2.222
gather-reverse,396,1,2.282
gather-reverse,397,1,2.425
gather-reverse,398,1,2.441
gather-reverse,399,1,2.382
gather-reverse,400,1,2.294
gather-reverse,401,1,2.334
gather-reverse,402,1,2.336
gather-reverse,403,1,2.246
gather-reverse,404,1,2.435
gather-reverse,405,1,2.397
gather-reverse,406,1,2.181
gather-reverse,407,1,2.248
gather-reverse,408,1,2.475
gather-reverse,409,1,2.799
gather-reverse,410,1,2.348
gather-reverse,411,1,2.485
gather-reverse,412,1,2.359
gather-reverse,413,1,2.741
gather-reverse,414,1,2.225
gather-reverse,415,1,2.263
gather-reverse,416,1,2.347
gather-reverse,417,1,2.348
gather-reverse,418,1,2.320
gather-reverse,419,1,2.219
gather-reverse,420,1,2.376
gather-reverse,421,1,2.299
gather-reverse,422,1,2.413
gather-reverse,423,1,2.352
gather-reverse,424,1,2.482
gather-reverse,425,1,2.322
gather-reverse,426,1,2.433
gather-reverse,427,1,2.607
gather-reverse,428,1,2.239
gather-reverse,429,1,2.270
gather-reverse,430,1,2.243
gather-reverse,431,1,2.319
gather-reverse,432,1,2.312
gather-reverse,433,1,2.301
gather-reverse,434,1,2.295
gather-reverse,435,1,2.282
gather-reverse,436,1,2.299
gather-reverse,437,1,2.348
gather-reverse,438,1,3.090
gather-reverse,439,1,2.198
gather-reverse,440,1,2.350
gather-reverse,441,1,2.226
gather-reverse,442,1,2.513
gather-reverse,443,1,2.221
gather-reverse,444,1,2.233
gather-reverse,445,1,2.359
gather-reverse,446,1,2.259
gather-reverse,447,1,2.276
gather-reverse,448,1,2.353
gather-reverse,449,1,2.234
gather-reverse,450,1,2.160
gather-reverse,451,1,2.236
gather-reverse,452,1,2.169
gather-reverse,453,1,2.256
gather-reverse,454,1,2.257
gather-reverse,455,1,2.244
gather-reverse,456,1,2.245
gather-reverse,457,1,2.293
gather-reverse,458,1,2.185
gather-reverse,459,1,2.249
gather-reverse,460,1,2.243
gather-reverse,461,1,2.196
gather-reverse,462,1,2.342
gather-reverse,463,1,2.565
gather-reverse,464,1,2.224
gather-reverse,465,1,2.211
gather-reverse,466,1,3.147
gather-reverse,467,1,2.207
gather-reverse,468,1,2.331
gather-reverse,469,1,2.908
gather-reverse,470,1,2.323
gather-reverse,471,1,2.272
gather-reverse,472,1,2.326
gather-reverse,473,1,2.308
gather-reverse,474,1,2.296
gather-reverse,475,1,2.334
gather-reverse,476,1,2.284
gather-reverse,477,1,2.281
gather-reverse,478,1,2.291
gather-reverse,479,1,2.421
gather-reverse,480,1,2.262
gather-reverse,481,1,2.351
gather-reverse,482,1,2.284
gather-reverse,483,1,2.287
gather-reverse,484,1,2.280
gather-reverse,485,1,2.274
gather-reverse,486,1,2.538
gather-reverse,487,1,2.349
gather-reverse,488,1,2.474
gather-reverse,489,1,2.458
gather-reverse,490,1,2.431
gather-reverse,491,1,2.342
gather-reverse,492,1,2.202
gather-reverse,493,1,2.477
gather-reverse,494,1,2.442
gather-reverse,495,1,2.429
gather-reverse,496,1,2.527
gather-reverse,497,1,2.484
gather-reverse,498,1,2.415
gather-reverse,499,1,2.382
gather-reverse,500,1,2.266
gather-reverse,501,1,2.528
gather-reverse,502,1,2.379
gather-reverse,503,1,2.316
gather-reverse,504,1,2.316
gather-reverse,505,1,2.367
gather-reverse,506,1,2.618
gather-reverse,507,1,2.260
gather-reverse,508,1,2.352
gather-reverse,509,1,2.260
gather-reverse,510,1,2.311
gather-reverse,511,1,2.301
gather-reverse,512,1,2.278
gather-reverse,513,1,2.280
gather-reverse,514,1,2.325
gather-reverse,515,1,2.290
gather-reverse,516,1,2.335
gather-reverse,517,1,2.291
gather-reverse,518,1,2.242
gather-reverse,519,1,2.231
gather-reverse,520,1,2.476
gather-reverse,521,1,2.367
gather-reverse,522,1,2.260
gather-reverse,523,1,2.345
gather-reverse,524,1,2.229
gather-reverse,525,1,2.256
gather-reverse,526,1,2.203
gather-reverse,527,1,2.371
gather-reverse,528,1,2.239
gather-reverse,529,1,2.303
gather-reverse,530,1,2.311
gather-reverse,531,1,2.318
gather-reverse,532,1,2.238
gather-reverse,533,1,2.403
gather-reverse,534,1,2.339
gather-reverse,535,1,2.394
gather-reverse,536,1,2.245
gather-reverse,537,1,2.246
gather-reverse,538,1,2.488
gather-reverse,539,1,2.433
gather-reverse,540,1,2.304
gather-reverse,541,1,2.274
gather-reverse,542,1,2.482
gather-reverse,543,1,2.305
gather-reverse,544,1,2.411
gather-reverse,545,1,2.396
gather-reverse,546,1,2.644
gather-reverse,547,1,2.408
gather-reverse,548,1,2.444
gather-reverse,549,1,2.509
gather-reverse,550,1,2.290
gather-reverse,551,1,2.401
gather-reverse,552,1,2.427
gather-reverse,553,1,2.403
gather-reverse,554,1,2.415
gather-reverse,555,1,2.493
gather-reverse,556,1,2.266
gather-reverse,557,1,2.360
gather-reverse,558,1,2.346
gather-reverse,559,1,2.234
gather-reverse,560,1,2.352
gather-reverse,561,1,2.370
gather-reverse,562,1,2.343
gather-reverse,563,1,2.350
gather-reverse,564,1,2.511
gather-reverse,565,1,2.394
gather-reverse,566,1,2.389
gather-reverse,567,1,2.337
gather-reverse,568,1,2.354
gather-reverse,569,1,2.365
gather-reverse,570,1,2.436
gather-reverse,571,1,2.352
gather-reverse,572,1,2.224
gather-reverse,573,1,2.254
gather-reverse,574,1,2.300
gather-reverse,575,1,2.236
gather-reverse,576,1,2.231
gather-reverse,577,1,2.291
gather-reverse,578,1,2.259
gather-reverse,579,1,2.255
gather-reverse,580,1,2.246
gather-reverse,581,1,2.318
gather-reverse,582,1,2.535
gather-reverse,583,1,2.255
gather-reverse,584,1,2.232
gather-reverse,585,1,2.316
gather-reverse,586,1,2.376
gather-reverse,587,1,2.545
gather-reverse,588,1,2.302
gather-reverse,589,1,2.453
gather-reverse,590,1,2.351
gather-reverse,591,1,2.373
gather-reverse,592,1,2.384
gather-reverse,593,1,2.254
gather-reverse,594,1,2.270
gather-reverse,595,1,2.253
gather-reverse,596,1,2.314
gather-reverse,597,1,2.385
gather-reverse,598,1,2.424
gather-reverse,599,1,2.453
gather-reverse,600,1,2.381
gather-reverse,601,1,2.353
gather-reverse,602,1,2.406
gather-reverse,603,1,2.417
gather-reverse,604,1,2.352
gather-reverse,605,1,2.653
gather-reverse,606,1,2.348
gather-reverse,607,1,2.484
gather-reverse,608,1,2.258
gather-reverse,609,1,2.273
gather-reverse,610,1,2.378
gather-reverse,611,1,2.722
gather-reverse,612,1,2.316
gather-reverse,613,1,2.359
gather-reverse,614,1,2.391
gather-reverse,615,1,2.459
gather-reverse,616,1,2.482
gather-reverse,617,1,2.402
gather-reverse,618,1,2.938
gather-reverse,619,1,2.681
gather-reverse,620,1,2.367
gather-reverse,621,1,2.324
gather-reverse,622,1,2.392
gather-reverse,623,1,2.403
gather-reverse,624,1,2.376
gather-reverse,625,1,2.352
gather-reverse,626,1,2.374
